{"_meta": {"gpu": 1, "done": true}, "0.05": {"coh_sum": 1.3594522306144832, "coh_sumsq": 0.025642298658216857, "coh_n": 4000, "pauli_fails": 6, "pauli_n": 60000}, "0.06": {"coh_sum": 2.1753095337146013, "coh_sumsq": 0.05140737401047449, "coh_n": 4000, "pauli_fails": 22, "pauli_n": 60000}, "0.07": {"coh_sum": 4.3460480123335214, "coh_sumsq": 0.14901005758619873, "coh_n": 4000, "pauli_fails": 35, "pauli_n": 60000}, "0.08": {"coh_sum": 8.21747826454683, "coh_sumsq": 0.3626981681300704, "coh_n": 4000, "pauli_fails": 41, "pauli_n": 60000}, "0.09": {"coh_sum": 12.618438086542453, "coh_sumsq": 0.7338173926122672, "coh_n": 4000, "pauli_fails": 52, "pauli_n": 60000}, "0.10": {"coh_sum": 19.108798969905383, "coh_sumsq": 1.3132907858744443, "coh_n": 4000, "pauli_fails": 97, "pauli_n": 60000}, "0.11": {"coh_sum": 24.767519179331384, "coh_sumsq": 2.1474488612439355, "coh_n": 4000, "pauli_fails": 145, "pauli_n": 60000}, "0.12": {"coh_sum": 37.153597875161154, "coh_sumsq": 4.311336292183528, "coh_n": 4000, "pauli_fails": 216, "pauli_n": 60000}, "0.13": {"coh_sum": 49.103939345102326, "coh_sumsq": 6.239593220426766, "coh_n": 4000, "pauli_fails": 286, "pauli_n": 60000}, "0.14": {"coh_sum": 62.09525343736175, "coh_sumsq": 8.366527241196566, "coh_n": 4000, "pauli_fails": 359, "pauli_n": 60000}, "0.15": {"coh_sum": 87.36075533391919, "coh_sumsq": 15.465939996161929, "coh_n": 4000, "pauli_fails": 525, "pauli_n": 60000}, "0.16": {"coh_sum": 109.84711052623065, "coh_sumsq": 19.90917079004104, "coh_n": 4000, "pauli_fails": 594, "pauli_n": 60000}, "0.17": {"coh_sum": 127.03267175524412, "coh_sumsq": 23.656375773592202, "coh_n": 4000, "pauli_fails": 786, "pauli_n": 60000}, "0.18": {"coh_sum": 161.04400750112316, "coh_sumsq": 34.60105689836849, "coh_n": 4000, "pauli_fails": 973, "pauli_n": 60000}, "0.19": {"coh_sum": 193.961790456623, "coh_sumsq": 46.876210741418845, "coh_n": 4000, "pauli_fails": 1165, "pauli_n": 60000}, "0.20": {"coh_sum": 228.32525008666676, "coh_sumsq": 58.601911133164435, "coh_n": 4000, "pauli_fails": 1396, "pauli_n": 60000}, "0.21": {"coh_sum": 267.06688801953527, "coh_sumsq": 73.25003025006556, "coh_n": 4000, "pauli_fails": 1694, "pauli_n": 60000}, "0.22": {"coh_sum": 336.3157900774275, "coh_sumsq": 104.66890430944362, "coh_n": 4000, "pauli_fails": 2038, "pauli_n": 60000}, "0.23": {"coh_sum": 374.14711396157224, "coh_sumsq": 125.317617365555, "coh_n": 4000, "pauli_fails": 2337, "pauli_n": 60000}, "0.24": {"coh_sum": 443.5639494635936, "coh_sumsq": 164.5858872049269, "coh_n": 4000, "pauli_fails": 2597, "pauli_n": 60000}, "0.25": {"coh_sum": 475.8123794210434, "coh_sumsq": 177.80880554899915, "coh_n": 4000, "pauli_fails": 3036, "pauli_n": 60000}, "0.26": {"coh_sum": 534.2623278117709, "coh_sumsq": 208.77515235476076, "coh_n": 4000, "pauli_fails": 3459, "pauli_n": 60000}, "0.27": {"coh_sum": 583.1297208772331, "coh_sumsq": 231.19293630447567, "coh_n": 4000, "pauli_fails": 3880, "pauli_n": 60000}, "0.28": {"coh_sum": 660.6227546565343, "coh_sumsq": 275.78243596786797, "coh_n": 4000, "pauli_fails": 4519, "pauli_n": 60000}, "0.29": {"coh_sum": 731.7393957504034, "coh_sumsq": 319.64631643777204, "coh_n": 4000, "pauli_fails": 5014, "pauli_n": 60000}, "0.30": {"coh_sum": 814.0076592755978, "coh_sumsq": 380.02565557674615, "coh_n": 4000, "pauli_fails": 5557, "pauli_n": 60000}, "0.31": {"coh_sum": 861.6257191024583, "coh_sumsq": 400.24414422075085, "coh_n": 4000, "pauli_fails": 6056, "pauli_n": 60000}, "0.32": {"coh_sum": 955.6959103486683, "coh_sumsq": 476.4103494885013, "coh_n": 4000, "pauli_fails": 6627, "pauli_n": 60000}, "0.33": {"coh_sum": 999.3765862482167, "coh_sumsq": 496.29868886293286, "coh_n": 4000, "pauli_fails": 7410, "pauli_n": 60000}, "0.34": {"coh_sum": 1050.9284726978485, "coh_sumsq": 530.2820683283348, "coh_n": 4000, "pauli_fails": 8166, "pauli_n": 60000}, "0.35": {"coh_sum": 1168.0643317375848, "coh_sumsq": 628.3552230430129, "coh_n": 4000, "pauli_fails": 8664, "pauli_n": 60000}, "0.36": {"coh_sum": 1231.7132285024563, "coh_sumsq": 671.2235323123991, "coh_n": 4000, "pauli_fails": 9445, "pauli_n": 60000}, "0.37": {"coh_sum": 1318.1783855944275, "coh_sumsq": 736.1004112469038, "coh_n": 4000, "pauli_fails": 9973, "pauli_n": 60000}, "0.38": {"coh_sum": 1398.8321757488814, "coh_sumsq": 792.6468274732945, "coh_n": 4000, "pauli_fails": 10899, "pauli_n": 60000}, "0.39": {"coh_sum": 1443.4898144383467, "coh_sumsq": 827.9155048910591, "coh_n": 4000, "pauli_fails": 11550, "pauli_n": 60000}, "0.40": {"coh_sum": 1494.8434479590824, "coh_sumsq": 872.9179782620344, "coh_n": 4000, "pauli_fails": 12292, "pauli_n": 60000}, "0.41": {"coh_sum": 1551.7205741654386, "coh_sumsq": 913.2971851496791, "coh_n": 4000, "pauli_fails": 13074, "pauli_n": 60000}, "0.42": {"coh_sum": 1606.2692098051573, "coh_sumsq": 962.892897378135, "coh_n": 4000, "pauli_fails": 13849, "pauli_n": 60000}, "0.43": {"coh_sum": 1714.8423187936414, "coh_sumsq": 1059.58910882508, "coh_n": 4000, "pauli_fails": 14391, "pauli_n": 60000}, "0.44": {"coh_sum": 1740.7860601987368, "coh_sumsq": 1077.023674846677, "coh_n": 4000, "pauli_fails": 15333, "pauli_n": 60000}, "0.45": {"coh_sum": 1765.5269953344473, "coh_sumsq": 1102.4814307101092, "coh_n": 4000, "pauli_fails": 16160, "pauli_n": 60000}, "0.46": {"coh_sum": 1856.9010475077698, "coh_sumsq": 1173.232828463035, "coh_n": 4000, "pauli_fails": 16735, "pauli_n": 60000}, "0.47": {"coh_sum": 1874.3709602509948, "coh_sumsq": 1199.2552105683362, "coh_n": 4000, "pauli_fails": 17622, "pauli_n": 60000}, "0.48": {"coh_sum": 1895.7436679672385, "coh_sumsq": 1215.2788851539067, "coh_n": 4000, "pauli_fails": 17912, "pauli_n": 60000}, "0.49": {"coh_sum": 1933.0147991021627, "coh_sumsq": 1249.3226784547137, "coh_n": 4000, "pauli_fails": 19115, "pauli_n": 60000}, "0.50": {"coh_sum": 1977.999381372109, "coh_sumsq": 1297.9064626596557, "coh_n": 4000, "pauli_fails": 19349, "pauli_n": 60000}}