{"_meta": {"gpu": 3, "done": true}, "0.20": {"coh_sum": 2.6179081965621003, "coh_sumsq": 0.7822867727534563, "coh_n": 75, "pauli_fails": 415, "pauli_n": 30000}, "0.30": {"coh_sum": 13.732753697289557, "coh_sumsq": 7.593424302287182, "coh_n": 75, "pauli_fails": 2531, "pauli_n": 30000}, "0.40": {"coh_sum": 25.70150599151124, "coh_sumsq": 17.38692582772316, "coh_n": 75, "pauli_fails": 7213, "pauli_n": 30000}, "0.50": {"coh_sum": 39.0042914355476, "coh_sumsq": 28.130076982879302, "coh_n": 75, "pauli_fails": 11741, "pauli_n": 30000}}