{"_meta": {"gpu": 2, "done": true}, "0.20": {"coh_sum": 6.090852213908365, "coh_sumsq": 4.352164751081586, "coh_n": 75, "pauli_fails": 374, "pauli_n": 30000}, "0.30": {"coh_sum": 16.35934606915748, "coh_sumsq": 9.850787276096577, "coh_n": 75, "pauli_fails": 2782, "pauli_n": 30000}, "0.40": {"coh_sum": 27.784621097794332, "coh_sumsq": 18.40690330136855, "coh_n": 75, "pauli_fails": 7233, "pauli_n": 30000}, "0.50": {"coh_sum": 36.36432891099942, "coh_sumsq": 24.172586870854726, "coh_n": 75, "pauli_fails": 11630, "pauli_n": 30000}}