{"_meta": {"gpu": 0, "done": true}, "0.20": {"coh_sum": 69.04545558317116, "coh_sumsq": 31.475807510445147, "coh_n": 1500, "pauli_fails": 367, "pauli_n": 30000}}