{"_meta": {"gpu": 0, "done": true}, "0.20": {"coh_sum": 2.8288615677456446, "coh_sumsq": 0.7231210825268778, "coh_n": 75, "pauli_fails": 367, "pauli_n": 30000}, "0.30": {"coh_sum": 14.243126983090617, "coh_sumsq": 8.4821911757444, "coh_n": 75, "pauli_fails": 2677, "pauli_n": 30000}, "0.40": {"coh_sum": 30.43784070308031, "coh_sumsq": 20.177351074850105, "coh_n": 75, "pauli_fails": 7321, "pauli_n": 30000}, "0.50": {"coh_sum": 38.66314014826437, "coh_sumsq": 26.975951373655437, "coh_n": 75, "pauli_fails": 11596, "pauli_n": 30000}}