{"_meta": {"gpu": 1, "done": true}, "0.20": {"coh_sum": 1.644838125445871, "coh_sumsq": 0.2890976999055756, "coh_n": 75, "pauli_fails": 381, "pauli_n": 30000}, "0.30": {"coh_sum": 16.887933490935197, "coh_sumsq": 11.29591376989508, "coh_n": 75, "pauli_fails": 2566, "pauli_n": 30000}, "0.40": {"coh_sum": 34.301711365410924, "coh_sumsq": 24.183555606183802, "coh_n": 75, "pauli_fails": 7275, "pauli_n": 30000}, "0.50": {"coh_sum": 39.05319005904993, "coh_sumsq": 27.092871596491662, "coh_n": 75, "pauli_fails": 11911, "pauli_n": 30000}}