{"_meta": {"gpu": 0, "done": true}, "0.05": {"coh_sum": 1.2642462986831495, "coh_sumsq": 0.022415018292264874, "coh_n": 4000, "pauli_fails": 14, "pauli_n": 60000}, "0.06": {"coh_sum": 2.3270884784019636, "coh_sumsq": 0.05894616523004605, "coh_n": 4000, "pauli_fails": 18, "pauli_n": 60000}, "0.07": {"coh_sum": 4.9492958344963, "coh_sumsq": 0.1996644777912606, "coh_n": 4000, "pauli_fails": 27, "pauli_n": 60000}, "0.08": {"coh_sum": 9.150109574539828, "coh_sumsq": 0.6798345806704311, "coh_n": 4000, "pauli_fails": 40, "pauli_n": 60000}, "0.09": {"coh_sum": 10.88500907381589, "coh_sumsq": 0.6422363607074489, "coh_n": 4000, "pauli_fails": 70, "pauli_n": 60000}, "0.10": {"coh_sum": 17.18135254880124, "coh_sumsq": 1.1117326720501424, "coh_n": 4000, "pauli_fails": 102, "pauli_n": 60000}, "0.11": {"coh_sum": 26.09495343290529, "coh_sumsq": 1.9517911614150645, "coh_n": 4000, "pauli_fails": 148, "pauli_n": 60000}, "0.12": {"coh_sum": 33.59341594470461, "coh_sumsq": 3.226331910758581, "coh_n": 4000, "pauli_fails": 191, "pauli_n": 60000}, "0.13": {"coh_sum": 51.390067519903454, "coh_sumsq": 6.1006041244582505, "coh_n": 4000, "pauli_fails": 276, "pauli_n": 60000}, "0.14": {"coh_sum": 65.58830555041366, "coh_sumsq": 9.845443546168237, "coh_n": 4000, "pauli_fails": 386, "pauli_n": 60000}, "0.15": {"coh_sum": 83.28497106777877, "coh_sumsq": 12.98283684472087, "coh_n": 4000, "pauli_fails": 523, "pauli_n": 60000}, "0.16": {"coh_sum": 108.11864513507692, "coh_sumsq": 18.729033753307345, "coh_n": 4000, "pauli_fails": 604, "pauli_n": 60000}, "0.17": {"coh_sum": 144.62983774964476, "coh_sumsq": 30.36813398126995, "coh_n": 4000, "pauli_fails": 824, "pauli_n": 60000}, "0.18": {"coh_sum": 169.09756562423058, "coh_sumsq": 38.497616437009725, "coh_n": 4000, "pauli_fails": 968, "pauli_n": 60000}, "0.19": {"coh_sum": 197.04237450681626, "coh_sumsq": 48.791198122764875, "coh_n": 4000, "pauli_fails": 1188, "pauli_n": 60000}, "0.20": {"coh_sum": 239.22587601843543, "coh_sumsq": 63.79847656556007, "coh_n": 4000, "pauli_fails": 1389, "pauli_n": 60000}, "0.21": {"coh_sum": 261.8076983344946, "coh_sumsq": 73.8418784939246, "coh_n": 4000, "pauli_fails": 1628, "pauli_n": 60000}, "0.22": {"coh_sum": 305.8979120807376, "coh_sumsq": 92.64491198849171, "coh_n": 4000, "pauli_fails": 1992, "pauli_n": 60000}, "0.23": {"coh_sum": 389.0071217996753, "coh_sumsq": 135.3929528976194, "coh_n": 4000, "pauli_fails": 2354, "pauli_n": 60000}, "0.24": {"coh_sum": 426.12337268284375, "coh_sumsq": 146.80407992287675, "coh_n": 4000, "pauli_fails": 2690, "pauli_n": 60000}, "0.25": {"coh_sum": 484.4214681946967, "coh_sumsq": 178.30615954010887, "coh_n": 4000, "pauli_fails": 3068, "pauli_n": 60000}, "0.26": {"coh_sum": 535.4959537702234, "coh_sumsq": 209.48701866231315, "coh_n": 4000, "pauli_fails": 3376, "pauli_n": 60000}, "0.27": {"coh_sum": 593.4725039172602, "coh_sumsq": 235.1869391990639, "coh_n": 4000, "pauli_fails": 3888, "pauli_n": 60000}, "0.28": {"coh_sum": 666.3419991092198, "coh_sumsq": 282.35397343303885, "coh_n": 4000, "pauli_fails": 4517, "pauli_n": 60000}, "0.29": {"coh_sum": 728.4437988640791, "coh_sumsq": 320.38830278485295, "coh_n": 4000, "pauli_fails": 5041, "pauli_n": 60000}, "0.30": {"coh_sum": 827.6015157094944, "coh_sumsq": 391.0423311554473, "coh_n": 4000, "pauli_fails": 5471, "pauli_n": 60000}, "0.31": {"coh_sum": 864.292500813473, "coh_sumsq": 405.43468328560954, "coh_n": 4000, "pauli_fails": 6060, "pauli_n": 60000}, "0.32": {"coh_sum": 939.9670343207841, "coh_sumsq": 455.7411525889784, "coh_n": 4000, "pauli_fails": 6714, "pauli_n": 60000}, "0.33": {"coh_sum": 1049.5599234903282, "coh_sumsq": 531.286817331489, "coh_n": 4000, "pauli_fails": 7387, "pauli_n": 60000}, "0.34": {"coh_sum": 1083.5937619757058, "coh_sumsq": 554.7427224647104, "coh_n": 4000, "pauli_fails": 7834, "pauli_n": 60000}, "0.35": {"coh_sum": 1151.3320485350052, "coh_sumsq": 600.4835499968527, "coh_n": 4000, "pauli_fails": 8736, "pauli_n": 60000}, "0.36": {"coh_sum": 1264.4320456716823, "coh_sumsq": 708.1758910471813, "coh_n": 4000, "pauli_fails": 9414, "pauli_n": 60000}, "0.37": {"coh_sum": 1279.8181396701152, "coh_sumsq": 695.7763891070834, "coh_n": 4000, "pauli_fails": 10017, "pauli_n": 60000}, "0.38": {"coh_sum": 1357.7192132373866, "coh_sumsq": 760.8645079772604, "coh_n": 4000, "pauli_fails": 10758, "pauli_n": 60000}, "0.39": {"coh_sum": 1441.6127338776223, "coh_sumsq": 828.7142291385111, "coh_n": 4000, "pauli_fails": 11364, "pauli_n": 60000}, "0.40": {"coh_sum": 1490.6737360645639, "coh_sumsq": 867.9214188019513, "coh_n": 4000, "pauli_fails": 12440, "pauli_n": 60000}, "0.41": {"coh_sum": 1568.9836518006987, "coh_sumsq": 932.9389271982022, "coh_n": 4000, "pauli_fails": 13109, "pauli_n": 60000}, "0.42": {"coh_sum": 1633.6040925444047, "coh_sumsq": 980.715756937578, "coh_n": 4000, "pauli_fails": 13881, "pauli_n": 60000}, "0.43": {"coh_sum": 1672.5122739852388, "coh_sumsq": 1017.2721373633809, "coh_n": 4000, "pauli_fails": 14527, "pauli_n": 60000}, "0.44": {"coh_sum": 1730.4625113204022, "coh_sumsq": 1070.9138624969994, "coh_n": 4000, "pauli_fails": 15418, "pauli_n": 60000}, "0.45": {"coh_sum": 1805.2712860868005, "coh_sumsq": 1134.9152567818383, "coh_n": 4000, "pauli_fails": 15951, "pauli_n": 60000}, "0.46": {"coh_sum": 1803.5816050383853, "coh_sumsq": 1134.3370752264073, "coh_n": 4000, "pauli_fails": 16895, "pauli_n": 60000}, "0.47": {"coh_sum": 1881.3682250458373, "coh_sumsq": 1200.7494104134544, "coh_n": 4000, "pauli_fails": 17467, "pauli_n": 60000}, "0.48": {"coh_sum": 1909.0265075997938, "coh_sumsq": 1231.5164886189007, "coh_n": 4000, "pauli_fails": 18190, "pauli_n": 60000}, "0.49": {"coh_sum": 1951.1604103732702, "coh_sumsq": 1272.4324068323617, "coh_n": 4000, "pauli_fails": 19065, "pauli_n": 60000}, "0.50": {"coh_sum": 1957.1311532272089, "coh_sumsq": 1277.0423511705708, "coh_n": 4000, "pauli_fails": 19889, "pauli_n": 60000}}